DROP TABLE HealthCareManagement_PATIENT CASCADE CONSTRAINTS;
CREATE TABLE HealthCareManagement_PATIENT(
PATIENT_ID CHAR(10) PRIMARY KEY,
DOB DATE,
STREET VARCHAR(30),
CITY VARCHAR(15),
STATE CHAR(2),
ZIP_CODE CHAR(5),
EMAIL VARCHAR(50),
PHONE_NUMBER VARCHAR(20),
LAST VARCHAR(10),
FIRST VARCHAR(10),
SEX VARCHAR(10),
INSURANCE_ID CHAR(10),
PASSWORD char(30),
FOREIGN KEY (INSURANCE_ID) REFERENCES HealthCareManagement_INSURANCECOMPANY(INSURANCE_ID)
ON DELETE SET NULL);

DROP TABLE HealthCareManagement_DOCTOR CASCADE CONSTRAINTS;
CREATE TABLE HealthCareManagement_DOCTOR(
DOCTOR_ID CHAR(10) PRIMARY KEY,
LAST VARCHAR(10),
FIRST VARCHAR(10),
EMAIL VARCHAR(50),
PASSWORD char(30),
SPECIALIZATION VARCHAR(20),
OFFICE_NUMBER CHAR(3));

DROP TABLE HealthCareManagement_INSURANCECOMPANY CASCADE CONSTRAINTS;
CREATE TABLE HealthCareManagement_INSURANCECOMPANY(
INSURANCE_ID CHAR(10) PRIMARY KEY,
INSURANCE_NAME VARCHAR(20),
STREET VARCHAR(30),
CITY VARCHAR(15),
STATE CHAR(2),
ZIP_CODE CHAR(5),
PHONE_NUMBER VARCHAR(20),
EMAIL VARCHAR(50),
PASSWORD char(30));


DROP TABLE HealthCareManagement_PRESCRIPTION CASCADE CONSTRAINTS;
CREATE TABLE HealthCareManagement_PRESCRIPTION(
PRESCRIPTION_ID CHAR(10) PRIMARY KEY,
DATE_ISSUED Date,
PRESCRIPTION_NAME VARCHAR(20),
DOSAGE VARCHAR(5),
REFILLS_REMAINING CHAR(3),
PRICE DECIMAL(6,2),
QUANTITY CHAR(5),
DOCTOR_ID CHAR(10),
PATIENT_ID CHAR(10),
FOREIGN KEY (DOCTOR_ID) REFERENCES HealthCareManagement_DOCTOR(DOCTOR_ID)
ON DELETE CASCADE,
FOREIGN KEY (PATIENT_ID) REFERENCES HealthCareManagement_PATIENT(PATIENT_ID)
ON DELETE CASCADE);

DROP TABLE HealthCareManagement_SUPPLIER CASCADE CONSTRAINTS;
CREATE TABLE HealthCareManagement_SUPPLIER(
SUPPLIER_ID CHAR(10) PRIMARY KEY,
SUPPLIER_NAME VARCHAR(20),
STREET VARCHAR(30),
CITY VARCHAR(15),
STATE CHAR(2),
ZIP_CODE CHAR(5),
PHONE_NUMBER VARCHAR(20),
PASSWORD char(30),
EMAIL VARCHAR(50));

DROP TABLE HealthCareManagement_MEDICATION CASCADE CONSTRAINTS;
CREATE TABLE HealthCareManagement_MEDICATION(
NAME VARCHAR(30) PRIMARY KEY,
QUANTITY CHAR(5),
SUPPLIER_ID CHAR(10),
FOREIGN KEY (SUPPLIER_ID) REFERENCES HealthCareManagement_SUPPLIER(SUPPLIER_ID)
ON DELETE SET NULL);

DROP TABLE HealthCareManagement_PHARMACYEMPLOYEE CASCADE CONSTRAINTS;
CREATE TABLE HealthCareManagement_PHARMACYEMPLOYEE(
EMPLOYEE_ID CHAR(10) PRIMARY KEY,
LAST VARCHAR(10),
FIRST VARCHAR(10),
SSN VARCHAR(9),
PHONE_NUMBER VARCHAR(20),
EMAIL VARCHAR(50),
POSITION VARCHAR(10),
PHARMACY_ID CHAR(10),
PASSWORD char(30),
FOREIGN KEY (PHARMACY_ID) REFERENCES HealthCareManagement_PHARMACY(PHARMACY_ID)
ON DELETE SET NULL);

DROP TABLE HealthCareManagement_PAYSFOR CASCADE CONSTRAINTS;
CREATE TABLE HealthCareManagement_PAYSFOR(
PRESCRIPTION_ID CHAR(10) PRIMARY KEY,
INSURANCE_ID CHAR(10),
FOREIGN KEY (INSURANCE_ID) REFERENCES HealthCareManagement_INSURANCECOMPANY(INSURANCE_ID)
ON DELETE SET NULL);

DROP TABLE HealthCareManagement_APPOINTMENT CASCADE CONSTRAINTS;
CREATE TABLE HealthCareManagement_APPOINTMENT(
PRIMARY KEY(PATIENT_ID, DOCTOR_ID),
NOTE VARCHAR(30),
APPOINTMENT_DATE Date,
PATIENT_ID CHAR(10),
DOCTOR_ID CHAR(10),
FOREIGN KEY (PATIENT_ID) REFERENCES HealthCareManagement_PATIENT(PATIENT_ID)
ON DELETE CASCADE,
FOREIGN KEY (DOCTOR_ID) REFERENCES HealthCareManagement_DOCTOR(DOCTOR_ID)
ON DELETE CASCADE);

DROP TABLE HealthCareManagement_PHARMACY CASCADE CONSTRAINTS;
CREATE TABLE HealthCareManagement_PHARMACY(
PHARMACY_ID CHAR(10) PRIMARY KEY,
PHARMACY_NAME VARCHAR(20),
STREET VARCHAR(30),
CITY VARCHAR(15),
STATE CHAR(2),
ZIP_CODE CHAR(5),
PHONE_NUMBER VARCHAR(20),
PASSWORD char(30),
EMAIL VARCHAR(50));

DROP TABLE HealthCareManagement_FILLS CASCADE CONSTRAINTS;
CREATE TABLE HealthCareManagement_FILLS(
PHARMACY_ID CHAR(10),
PRESCRIPTION_ID CHAR(10),
PRIMARY KEY(PHARMACY_ID, PRESCRIPTION_ID),
FOREIGN KEY (PHARMACY_ID) REFERENCES HealthCareManagement_PHARMACY(PHARMACY_ID)
ON DELETE CASCADE,
FOREIGN KEY (PRESCRIPTION_ID) REFERENCES HealthCareManagement_PRESCRIPTION(PRESCRIPTION_ID)
ON DELETE CASCADE);

DROP TABLE HealthCareManagement_DIAGNOSES CASCADE CONSTRAINTS;
CREATE TABLE HealthCareManagement_DIAGNOSES(
PATIENT_ID CHAR(10) PRIMARY KEY,
DIAGNOSES VARCHAR(30),
FOREIGN KEY (PATIENT_ID) REFERENCES HealthCareManagement_PATIENT(PATIENT_ID)
ON DELETE SET NULL);

DROP TABLE HealthCareManagement_SUPPLIES CASCADE CONSTRAINTS;
CREATE TABLE HealthCareManagement_SUPPLIES(
SUPPLIER_ID CHAR(10),
PHARMACY_ID CHAR(10),
PRIMARY KEY(SUPPLIER_ID, PHARMACY_ID),
FOREIGN KEY (SUPPLIER_ID) REFERENCES HealthCareManagement_SUPPLIER(SUPPLIER_ID)
ON DELETE CASCADE,
FOREIGN KEY (PHARMACY_ID) REFERENCES HealthCareManagement_PHARMACY(PHARMACY_ID)
ON DELETE CASCADE);

DROP TABLE HealthCareManagement_PAYMENT CASCADE CONSTRAINTS;
CREATE TABLE HealthCareManagement_PAYMENT(
PAYMENT_ID CHAR(10) PRIMARY KEY,
PAYMENT_DATE DATE,
AMOUNT DECIMAL(10,2),
INSURANCE_ID CHAR(10),
PRESCRIPTION_ID CHAR(10),
FOREIGN KEY (INSURANCE_ID) REFERENCES HealthCareManagement_INSURANCECOMPANY(INSURANCE_ID)
ON DELETE CASCADE,
FOREIGN KEY (PRESCRIPTION_ID) REFERENCES HealthCareManagement_PRESCRIPTION(PRESCRIPTION_ID)
ON DELETE CASCADE);


INSERT INTO HealthCareManagement_INSURANCECOMPANY VALUES ('INS001', 'HealthPlus', '1234 Main St', 'Anytown', 'NY', '12345', '123-456-7890', 'info@healthplus.com', 'ths8673incd58n');
INSERT INTO HealthCareManagement_INSURANCECOMPANY VALUES ('INS002', 'MediCare', '5678 Elm St', 'Springfield', 'IL', '23456', '234-567-8901', 'support@medicare.com', 'thsbth6793niincd58n');
INSERT INTO HealthCareManagement_INSURANCECOMPANY VALUES ('INS003', 'WellFare', '9101 Oak St', 'Liberty', 'TX', '34567', '345-678-9012', 'contact@wellfare.com', 'password');
INSERT INTO HealthCareManagement_INSURANCECOMPANY VALUES ('INS004', 'SureHealth', '1213 Pine St', 'Centerville', 'CA', '45678', '456-789-0123', 'help@surehealth.com', 'password1');
INSERT INTO HealthCareManagement_INSURANCECOMPANY VALUES ('INS005', 'LifeSecure', '1415 Maple St', 'New Hope', 'FL', '56789', '567-890-1234', 'info@lifesecure.com', 'password2');

INSERT INTO HealthCareManagement_SUPPLIER VALUES ('SUP001', 'PharmaCo', '1234 Drug St', 'Medicity', 'CA', '67890', '678-901-2345', 'password00', 'supply@pharmaco.com');
INSERT INTO HealthCareManagement_SUPPLIER VALUES ('SUP002', 'MedSupplies', '5678 Pharma St', 'Careville', 'TX', '78901', '789-012-3456', 'password194', 'order@medsupplies.com');
INSERT INTO HealthCareManagement_SUPPLIER VALUES ('SUP003', 'DrugNest', '9101 Health St', 'Pilltown', 'FL', '89012', '890-123-4567', 'password90732', 'contact@drugnest.com');
INSERT INTO HealthCareManagement_SUPPLIER VALUES ('SUP004', 'VitaPharm', '1213 Vitamin St', 'Supplecity', 'NY', '90123', '901-234-5678', 'password320', 'info@vitapharm.com');
INSERT INTO HealthCareManagement_SUPPLIER VALUES ('SUP005', 'CareGoods', '1415 Remedy St', 'Aidville', 'IL', '01234', '012-345-6789', 'password-4392', 'service@caregoods.com');

INSERT INTO HealthCareManagement_DOCTOR VALUES ('DOC001', 'Smith', 'John', 'john.smith@hospital.com', 'thsbaibniincd68n', 'Cardiology', '101');
INSERT INTO HealthCareManagement_DOCTOR VALUES ('DOC002', 'Johnson', 'Emily', 'emily.johnson@clinic.com', 'thsbaibniincd08n', 'Dermatology', '102');
INSERT INTO HealthCareManagement_DOCTOR VALUES ('DOC003', 'Williams', 'David', 'david.williams@medcenter.com', 'thsbaibniincd98n', 'Neurology', '103');
INSERT INTO HealthCareManagement_DOCTOR VALUES ('DOC004', 'Brown', 'Sophia', 'sophia.brown@healthcare.com', 'thsbaib', 'Pediatrics', '104');
INSERT INTO HealthCareManagement_DOCTOR VALUES ('DOC005', 'Davis', 'Michael', 'michael.davis@generalhospital.com', 'ibnincd98n', 'General', '105');

INSERT INTO HealthCareManagement_PATIENT VALUES ('PAT001', TO_DATE('1990-01-01','YYYY-MM-DD'), '1234 Life St', 'Anytown', 'NY', '12345', 'patient1@email.com', '123-456-7890', 'Doe', 'Jane', 'Female', 'INS001', 'thsbaibniincd58n');
INSERT INTO HealthCareManagement_PATIENT VALUES ('PAT002', TO_DATE('1985-02-02','YYYY-MM-DD'), '5678 Health Rd', 'Wellville', 'TX', '23456', 'patient2@email.com', '234-567-8901', 'Brown', 'John', 'Male', 'INS002', 'thsbaibniincd59n');
INSERT INTO HealthCareManagement_PATIENT VALUES ('PAT003', TO_DATE('1975-03-03','YYYY-MM-DD'), '9101 Care Ave', 'Curecity', 'CA', '34567', 'patient3@email.com', '345-678-9012', 'Smith', 'Emily', 'Female', 'INS003', 'thsbaibniincd60n');
INSERT INTO HealthCareManagement_PATIENT VALUES ('PAT004', TO_DATE('2000-04-04','YYYY-MM-DD'), '1213 Remedy Blvd', 'Aidtown', 'FL', '45678', 'patient4@email.com', '456-789-0123', 'Johnson', 'Michael', 'Male', 'INS004', 'thsbaibniincd61n');
INSERT INTO HealthCareManagement_PATIENT VALUES ('PAT005', TO_DATE('1995-05-05','YYYY-MM-DD'), '1415 Wellness Ln', 'Hopetown', 'IL', '56789', 'patient5@email.com', '567-890-1234', 'Williams', 'Sophia', 'Female', 'INS005', 'thsbaibniincd62n');

INSERT INTO HealthCareManagement_PRESCRIPTION VALUES ('PRSC001', TO_DATE('2023-01-01','YYYY-MM-DD'), 'Amoxicillin', '500mg', '05', 25.00, '30', 'DOC001', 'PAT001');
INSERT INTO HealthCareManagement_PRESCRIPTION VALUES ('PRSC002', TO_DATE('2023-02-01','YYYY-MM-DD'), 'Ibuprofen', '200mg', '03', 15.00, '20', 'DOC002', 'PAT002');
INSERT INTO HealthCareManagement_PRESCRIPTION VALUES ('PRSC003', TO_DATE('2023-03-01','YYYY-MM-DD'), 'Metformin', '850mg', '02', 30.00, '60', 'DOC003', 'PAT003');
INSERT INTO HealthCareManagement_PRESCRIPTION VALUES ('PRSC004', TO_DATE('2023-04-01','YYYY-MM-DD'), 'Lisinopril', '10mg', '04', 22.00, '90', 'DOC004', 'PAT004');
INSERT INTO HealthCareManagement_PRESCRIPTION VALUES ('PRSC005', TO_DATE('2023-05-01','YYYY-MM-DD'), 'Atorvastatin', '20mg', '01', 45.00, '10', 'DOC005', 'PAT005');

INSERT INTO HealthCareManagement_MEDICATION VALUES ('Amoxicillin', '100', 'SUP001');
INSERT INTO HealthCareManagement_MEDICATION VALUES ('Ibuprofen', '200', 'SUP002');
INSERT INTO HealthCareManagement_MEDICATION VALUES ('Metformin', '150', 'SUP003');
INSERT INTO HealthCareManagement_MEDICATION VALUES ('Lisinopril', '120', 'SUP004');
INSERT INTO HealthCareManagement_MEDICATION VALUES ('Atorvastatin', '80', 'SUP005');

INSERT INTO HealthCareManagement_PHARMACY VALUES ('PHRM001', 'City Pharmacy', '123 Cure St', 'Healtown', 'NY', '12345', '123-456-1111', 'password9', 'pharmacy@citypharm.com');
INSERT INTO HealthCareManagement_PHARMACY VALUES ('PHRM002', 'MediPharm', '456 Pill Rd', 'Medville', 'TX', '23456', '234-567-2222', 'password10', 'info@medipharm.com');
INSERT INTO HealthCareManagement_PHARMACY VALUES ('PHRM003', 'CarePlus Pharmacy', '789 Health Ave', 'Carecity', 'CA', '34567', '345-678-3333', 'password11', 'support@carepluspharm.com');
INSERT INTO HealthCareManagement_PHARMACY VALUES ('PHRM004', 'Wellness Pharmacy', '1012 Remedy Blvd', 'Welltown', 'FL', '45678', '456-789-4444', 'password12', 'contact@wellnesspharm.com');
INSERT INTO HealthCareManagement_PHARMACY VALUES ('PHRM005', 'Hope Pharmacy', '1314 Wellness Ln', 'Hopetown', 'IL', '56789', '567-890-5555', 'password13', 'service@hopepharm.com');

INSERT INTO HealthCareManagement_PHARMACYEMPLOYEE VALUES ('EMP001', 'Miller', 'Alice', '123456789', '123-456-6666', 'alice.miller@pharmacy.com', 'Pharmacist', 'PHRM001', 'password123');
INSERT INTO HealthCareManagement_PHARMACYEMPLOYEE VALUES ('EMP002', 'Wilson', 'Bob', '987654321', '234-567-7777', 'bob.wilson@pharmacy.com', 'Assistant', 'PHRM002', 'password1234');
INSERT INTO HealthCareManagement_PHARMACYEMPLOYEE VALUES ('EMP003', 'Moore', 'Clara', '456789123', '345-678-8888', 'clara.moore@pharmacy.com', 'Manager', 'PHRM003', 'password93483');
INSERT INTO HealthCareManagement_PHARMACYEMPLOYEE VALUES ('EMP004', 'Taylor', 'Dan', '654321987', '456-789-9999', 'dan.taylor@pharmacy.com', 'Technician', 'PHRM004', 'password0383');
INSERT INTO HealthCareManagement_PHARMACYEMPLOYEE VALUES ('EMP005', 'Anderson', 'Eva', '321654987', '567-890-0000', 'eva.anderson@pharmacy.com', 'Clerk', 'PHRM005', 'password1849');

INSERT INTO HealthCareManagement_PAYSFOR VALUES ('PRSC001', 'INS001');
INSERT INTO HealthCareManagement_PAYSFOR VALUES ('PRSC002', 'INS002');
INSERT INTO HealthCareManagement_PAYSFOR VALUES ('PRSC003', 'INS003');
INSERT INTO HealthCareManagement_PAYSFOR VALUES ('PRSC004', 'INS004');
INSERT INTO HealthCareManagement_PAYSFOR VALUES ('PRSC005', 'INS005');

INSERT INTO HealthCareManagement_APPOINTMENT (PATIENT_ID, DOCTOR_ID, NOTE, APPOINTMENT_DATE) VALUES ('PAT001', 'DOC001', 'Follow-up Check', TO_DATE('2023-06-01', 'YYYY-MM-DD'));
INSERT INTO HealthCareManagement_APPOINTMENT (PATIENT_ID, DOCTOR_ID, NOTE, APPOINTMENT_DATE) VALUES ('PAT002', 'DOC002', 'Routine Checkup', TO_DATE('2023-07-01', 'YYYY-MM-DD'));
INSERT INTO HealthCareManagement_APPOINTMENT (PATIENT_ID, DOCTOR_ID, NOTE, APPOINTMENT_DATE) VALUES ('PAT003', 'DOC003', 'Consultation', TO_DATE('2023-08-01', 'YYYY-MM-DD'));
INSERT INTO HealthCareManagement_APPOINTMENT (PATIENT_ID, DOCTOR_ID, NOTE, APPOINTMENT_DATE) VALUES ('PAT004', 'DOC004', 'Annual Physical', TO_DATE('2023-09-01', 'YYYY-MM-DD'));
INSERT INTO HealthCareManagement_APPOINTMENT (PATIENT_ID, DOCTOR_ID, NOTE, APPOINTMENT_DATE) VALUES ('PAT005', 'DOC005', 'Emergency Visit', TO_DATE('2023-10-01', 'YYYY-MM-DD'));

INSERT INTO HealthCareManagement_FILLS VALUES ('PHRM001', 'PRSC001');
INSERT INTO HealthCareManagement_FILLS VALUES ('PHRM002', 'PRSC002');
INSERT INTO HealthCareManagement_FILLS VALUES ('PHRM003', 'PRSC003');
INSERT INTO HealthCareManagement_FILLS VALUES ('PHRM004', 'PRSC004');
INSERT INTO HealthCareManagement_FILLS VALUES ('PHRM005', 'PRSC005');

INSERT INTO HealthCareManagement_DIAGNOSES VALUES ('PAT001', 'Cough');
INSERT INTO HealthCareManagement_DIAGNOSES VALUES ('PAT002', 'Flu');
INSERT INTO HealthCareManagement_DIAGNOSES VALUES ('PAT003', 'Asthma');
INSERT INTO HealthCareManagement_DIAGNOSES VALUES ('PAT004', 'Diabetes');
INSERT INTO HealthCareManagement_DIAGNOSES VALUES ('PAT005', 'Hypertension');

INSERT INTO HealthCareManagement_SUPPLIES VALUES ('SUP001', 'PHRM001');
INSERT INTO HealthCareManagement_SUPPLIES VALUES ('SUP002', 'PHRM002');
INSERT INTO HealthCareManagement_SUPPLIES VALUES ('SUP003', 'PHRM003');
